﻿pos_x,pos_y,rotation,side,designator,mpn,pack,footprint,value,mount_type
-0.17,-147.74,90.0,bottom,J1,,,PinHeader_1x04_P2.54mm_Vertical,Conn_01x04,tht
-0.17,-162.98,90.0,bottom,J2,,,PinHeader_1x04_P2.54mm_Vertical,Conn_01x04,tht
-12.87,-147.74,90.0,bottom,J3,,,PinHeader_1x04_P2.54mm_Vertical,Conn_01x04,tht
-12.87,-162.98,90.0,bottom,J4,,,PinHeader_1x04_P2.54mm_Vertical,Conn_01x04,tht
-1.46,-155.41,0.0,top,M1,,,StepperMotor_4.7mm_Sanyo_ultra-mini,StepperMotor_4.7mm_Sanyo_ultra-mini,tht
-18.585,-155.36,180.0,top,M2,,,StepperMotor_8mm_i500212644,StepperMotor_8mm_i500212644,tht
